               epoch,      train/box_loss,      train/obj_loss,      train/cls_loss,   metrics/precision,      metrics/recall,     metrics/mAP_0.5,metrics/mAP_0.5:0.95,        val/box_loss,        val/obj_loss,        val/cls_loss,               x/lr0,               x/lr1,               x/lr2
                   0,            0.071103,            0.025896,            0.016514,             0.67141,             0.67289,             0.67616,              0.2728,            0.047671,            0.013708,           0.0057467,           0.0033273,           0.0033273,            0.070054
                   1,            0.049066,            0.018234,           0.0070601,             0.87721,             0.76028,             0.83695,             0.41131,            0.039092,            0.012707,           0.0047449,           0.0066554,           0.0066554,            0.040049
                   2,            0.044439,            0.017541,           0.0063747,             0.88361,             0.75576,              0.8332,             0.42755,            0.038916,            0.013155,           0.0053128,           0.0099625,           0.0099625,            0.010023
                   3,            0.040361,             0.01767,            0.006231,              0.9139,             0.78589,             0.86717,             0.48368,            0.034789,            0.012296,           0.0043757,           0.0099291,           0.0099291,           0.0099291
                   4,            0.037683,            0.017046,           0.0055332,             0.88916,             0.81707,             0.87398,             0.48214,            0.034068,            0.012062,           0.0043183,           0.0099291,           0.0099291,           0.0099291
                   5,            0.036521,            0.016422,            0.004968,             0.91069,               0.823,             0.88423,             0.50241,            0.033439,            0.011882,           0.0037158,           0.0098743,           0.0098743,           0.0098743
                   6,            0.035304,            0.016409,            0.004853,             0.90718,             0.81325,             0.87585,             0.50004,             0.03312,            0.011997,           0.0041947,           0.0098042,           0.0098042,           0.0098042
